,City,Country,Currency_Code,Currency_Name,ISO_3166,Cost_of_Living_Index,Rent_Index,Cost_of_Living_Plus_Rent_Index,Groceries_Index,Restaurant_Price_Index,Local_Purchasing_Power_Index,Lat,Lng
0,Tirana,Albania,ALL,Albanian Lek,AL,39.29,11.49,25.93,31.29,29.29,27.96,41.3275459,19.8186982
1,Durres,Albania,ALL,Albanian Lek,AL,31.86,6.18,19.52,24.7,24.1,27.09,41.3245904,19.4564686
2,Algiers,Algeria,DZD,Algerian Dinar,DZ,28.46,5.83,17.59,28.68,17.98,22.53,36.753768,3.0587561
3,Oran,Algeria,DZD,Algerian Dinar,DZ,25.66,4.76,15.62,26.77,13.22,20.68,35.6987388,-0.6349319
4,Buenos Aires,Argentina,ARS,Argentine Peso,AR,33.0,9.55,21.74,26.74,29.09,28.95,-34.6036844,-58.3815591
5,Yerevan,Armenia,AMD,Armenian Dram,AM,39.06,18.77,29.31,33.54,33.73,25.76,40.1872023,44.515209
6,Sydney,Australia,AUD,Australian Dollar,AU,78.33,49.42,64.44,73.68,68.14,113.09,-33.8688197,151.2092955
7,Brisbane,Australia,AUD,Australian Dollar,AU,75.22,35.28,56.03,72.95,65.44,115.81,-27.4704528,153.0260341
8,Melbourne,Australia,AUD,Australian Dollar,AU,75.07,35.18,55.9,74.43,68.75,111.44,-37.8136276,144.9630576
9,Perth,Australia,AUD,Australian Dollar,AU,74.19,33.44,54.61,71.28,70.72,122.06,-31.9523123,115.861309
10,Adelaide,Australia,AUD,Australian Dollar,AU,72.9,30.8,52.67,72.37,61.64,119.18,-34.9284989,138.6007456
11,Hobart,Australia,AUD,Australian Dollar,AU,70.33,23.27,47.72,67.07,64.26,120.46,-42.8826055,147.3257196
12,Canberra,Australia,AUD,Australian Dollar,AU,70.05,36.34,53.85,72.2,67.76,142.71,-35.2801903,149.1310038
13,Gold Coast,Australia,AUD,Australian Dollar,AU,69.56,33.62,52.29,65.17,62.16,113.76,-28.016667,153.4
14,Graz,Austria,EUR,Euro,EU,65.62,18.82,43.13,61.33,54.98,77.49,47.070714,15.439504
15,Innsbruck,Austria,EUR,Euro,EU,65.26,24.53,45.69,55.1,63.68,65.95,47.2692124,11.4041024
16,Linz,Austria,EUR,Euro,EU,63.82,21.37,43.42,56.35,61.38,71.94,48.30694,14.28583
17,Vienna,Austria,EUR,Euro,EU,62.17,29.0,46.23,54.7,62.04,79.23,48.2081743,16.3738189
18,Salzburg,Austria,EUR,Euro,EU,61.84,25.79,44.51,55.25,61.22,75.23,47.80949,13.05501
19,Baku,Azerbaijan,AZN,Azerbaijani Manat,AZ,30.41,7.63,19.46,26.3,27.76,29.96,40.40926169999999,49.8670924
20,Nassau,Bahamas,BSD,Bahamian Dollar,BS,95.78,43.42,70.62,82.12,103.15,40.97,25.0443312,-77.3503609
21,Manama,Bahrain,BHD,Bahraini Dinar,BH,53.28,28.86,41.54,40.68,48.06,66.95,26.2235305,50.5875935
22,Dhaka,Bangladesh,BDT,Bangladeshi Taka,BD,32.1,4.53,18.86,29.27,20.08,23.79,23.810332,90.4125181
23,Minsk,Belarus,BYN,Belarusian Ruble,BY,30.27,10.35,20.7,26.94,30.69,35.08,53.9006011,27.558972
24,Brussels,Belgium,EUR,Euro,EU,65.6,27.85,47.46,54.76,65.55,85.65,50.8476424,4.3571696
25,Antwerp,Belgium,EUR,Euro,EU,65.53,22.28,44.75,52.18,73.47,82.22,51.2213404,4.4051485
26,Leuven,Belgium,EUR,Euro,EU,64.24,23.47,44.65,52.28,69.71,90.25,50.8822871,4.7137645
27,Gent,Belgium,EUR,Euro,EU,62.69,23.51,43.86,52.16,67.55,75.52,51.0500182,3.7303351
28,Hamilton,Bermuda,BMD,Bermudian Dollar,BM,145.5,94.97,121.22,149.27,142.77,80.93,32.2945837,-64.7858887
29,La Paz,Bolivia,BOB,Bolivian Boliviano,BO,36.27,8.37,22.87,32.67,23.89,34.91,-16.489689,-68.11929359999999
30,Sarajevo,Bosnia And Herzegovina,BAM,Bosnia and Herzegovina Mark,BA,35.64,7.16,21.96,30.5,23.65,52.77,43.8562586,18.4130763
31,Banja Luka,Bosnia And Herzegovina,BAM,Bosnia and Herzegovina Mark,BA,32.87,6.6,20.25,27.87,23.22,40.66,44.7721811,17.191
32,Gaborone,Botswana,BWP,Botswana Pula,BW,37.73,9.81,24.32,32.61,41.09,50.5,-24.6282079,25.9231471
33,Sao Paulo,Brazil,BRL,Brazilian Real,BR,39.66,13.99,27.32,34.14,32.69,26.3,-23.5557714,-46.6395571
34,Rio de Janeiro,Brazil,BRL,Brazilian Real,BR,38.51,10.79,25.19,30.96,30.1,22.55,-22.9068467,-43.1728965
35,Brasilia,Brazil,BRL,Brazilian Real,BR,37.76,10.73,24.78,30.64,30.73,37.49,-15.7975154,-47.89188739999999
36,Campinas,Brazil,BRL,Brazilian Real,BR,36.11,9.18,23.17,27.85,28.46,35.01,-22.9099384,-47.0626332
37,Florianopolis,Brazil,BRL,Brazilian Real,BR,35.87,10.28,23.58,29.76,29.73,30.38,-27.5948036,-48.5569286
38,Porto Alegre,Brazil,BRL,Brazilian Real,BR,34.5,8.34,21.93,28.59,24.89,27.16,-30.0368176,-51.2089887
39,Belo Horizonte,Brazil,BRL,Brazilian Real,BR,34.29,7.63,21.48,27.49,24.14,26.15,-19.8313614,-43.9844979
40,Curitiba,Brazil,BRL,Brazilian Real,BR,33.44,8.31,21.37,27.85,25.05,35.83,-25.4372382,-49.2699727
41,Recife,Brazil,BRL,Brazilian Real,BR,33.43,6.07,20.28,28.06,23.38,30.43,-8.0577401,-34.8829629
42,Sofia,Bulgaria,BGN,Bulgarian Lev,BG,42.89,12.52,28.3,37.52,38.31,50.48,42.6977082,23.3218675
43,Plovdiv,Bulgaria,BGN,Bulgarian Lev,BG,36.67,7.94,22.86,33.18,31.98,44.58,42.1354079,24.7452904
44,Varna,Bulgaria,BGN,Bulgarian Lev,BG,35.74,8.41,22.61,31.17,29.39,48.36,43.2140504,27.9147333
45,Phnom Penh,Cambodia,KHR,Cambodian Riel,KH,47.34,17.33,32.92,45.91,23.18,14.1,11.5563738,104.9282099
46,Nanaimo,Canada,CAD,Canadian Dollar,CA,76.27,35.52,56.69,76.53,66.14,85.24,49.1658836,-123.9400647
47,Vancouver,Canada,CAD,Canadian Dollar,CA,76.53,52.76,65.11,74.1,83.24,89.71,49.2827291,-123.1207375
48,Victoria,Canada,CAD,Canadian Dollar,CA,75.76,43.23,60.13,77.23,73.88,93.36,48.4284207,-123.3656444
49,Toronto,Canada,CAD,Canadian Dollar,CA,74.8,46.66,61.28,70.39,73.73,92.22,43.653226,-79.3831843
50,Calgary,Canada,CAD,Canadian Dollar,CA,73.88,32.44,53.97,69.4,69.17,119.76,51.04473309999999,-114.0718831
51,Edmonton,Canada,CAD,Canadian Dollar,CA,71.92,26.58,50.13,68.12,69.27,109.96,53.5460983,-113.4937266
52,Guelph,Canada,CAD,Canadian Dollar,CA,71.88,38.79,55.98,73.07,69.41,98.55,43.5448048,-80.24816659999999
53,Ottawa,Canada,CAD,Canadian Dollar,CA,71.12,36.24,54.36,65.23,72.19,98.07,45.4215296,-75.69719309999999
54,Markham,Canada,CAD,Canadian Dollar,CA,70.8,48.48,60.08,64.44,72.01,96.33,43.8561002,-79.3370188
55,Halifax,Canada,CAD,Canadian Dollar,CA,70.79,33.52,52.88,70.65,67.34,99.77,44.64876350000001,-63.5752387
56,Montreal,Canada,CAD,Canadian Dollar,CA,69.75,30.52,50.9,67.68,68.5,86.13,45.5018869,-73.56739189999999
57,Kitchener,Canada,CAD,Canadian Dollar,CA,69.53,34.7,52.79,67.66,69.5,95.82,43.4516395,-80.4925337
58,Mississauga,Canada,CAD,Canadian Dollar,CA,69.53,44.14,57.33,59.63,63.12,91.81,43.5890452,-79.6441198
59,Winnipeg,Canada,CAD,Canadian Dollar,CA,68.32,25.25,47.62,67.76,62.58,75.97,49.8954221,-97.1385145
60,Hamilton,Canada,CAD,Canadian Dollar,CA,68.31,35.26,52.43,68.73,63.08,87.56,43.2557206,-79.8711024
61,London,Canada,CAD,Canadian Dollar,CA,68.25,37.12,53.29,62.41,72.77,102.21,42.9849233,-81.2452768
62,Surrey,Canada,CAD,Canadian Dollar,CA,67.75,38.98,53.92,67.64,60.27,106.2,49.1913466,-122.8490125
63,Brampton,Canada,CAD,Canadian Dollar,CA,67.62,39.08,53.91,63.56,58.42,127.93,43.7315479,-79.7624177
64,Saskatoon,Canada,CAD,Canadian Dollar,CA,67.19,24.99,46.91,61.04,62.18,108.81,52.157902,-106.6701577
65,Kingston,Canada,CAD,Canadian Dollar,CA,66.96,34.53,51.38,63.73,63.93,98.63,44.2311717,-76.4859544
66,Kelowna,Canada,CAD,Canadian Dollar,CA,66.85,39.05,53.49,65.93,60.7,101.89,49.8879519,-119.4960106
67,Burnaby,Canada,CAD,Canadian Dollar,CA,66.37,51.61,59.28,65.34,58.72,93.46,49.2488091,-122.9805104
68,Quebec City,Canada,CAD,Canadian Dollar,CA,65.39,19.95,43.55,63.36,61.13,124.22,46.8130816,-71.20745959999999
69,Windsor,Canada,CAD,Canadian Dollar,CA,65.31,31.45,49.04,59.3,64.06,94.71,42.3149367,-83.03636329999999
70,Red Deer,Canada,CAD,Canadian Dollar,CA,64.94,19.98,43.34,61.58,55.72,114.51,52.2690328,-113.8114955
71,Regina,Canada,CAD,Canadian Dollar,CA,64.77,22.01,44.22,60.37,64.31,121.3,50.4452112,-104.6188944
72,St. John's,Canada,CAD,Canadian Dollar,CA,75.19,20.34,48.84,72.56,66.24,130.91,47.5615096,-52.7125768
73,Santiago,Chile,CLP,Chilean Peso,CL,38.99,12.86,26.43,35.09,38.88,34.28,-33.4488897,-70.6692655
74,Beijing,China,CNY,Chinese Renminbi,CN,49.37,39.32,44.54,47.55,34.16,45.96,39.904211,116.407395
75,Shanghai,China,CNY,Chinese Renminbi,CN,48.48,39.14,43.99,49.99,38.36,48.85,31.230416,121.473701
76,Shenzhen,China,CNY,Chinese Renminbi,CN,46.0,25.44,36.12,48.52,31.76,70.01,22.5428599,114.05956
77,Hangzhou,China,CNY,Chinese Renminbi,CN,41.83,15.89,29.37,48.75,28.89,63.14,30.2741499,120.15515
78,Suzhou,China,CNY,Chinese Renminbi,CN,41.1,14.9,28.51,47.54,29.08,52.52,31.29833989999999,120.58319
79,Chengdu,China,CNY,Chinese Renminbi,CN,41.08,14.95,28.53,46.57,25.59,44.88,30.5722599,104.0665099
80,Guangzhou,China,CNY,Chinese Renminbi,CN,38.57,17.75,28.57,39.67,26.94,68.59,23.1290799,113.26436
81,Nanjing,China,CNY,Chinese Renminbi,CN,36.17,15.87,26.42,37.71,22.31,70.89,32.0583799,118.79647
82,Qingdao,China,CNY,Chinese Renminbi,CN,32.65,9.96,21.74,34.98,22.23,71.81,36.0662299,120.38299
83,Medellin,Colombia,COP,Colombian Peso,CO,27.88,8.69,18.66,25.28,21.43,31.96,6.2476376,-75.56581530000001
84,Bogota,Colombia,COP,Colombian Peso,CO,27.06,10.66,19.18,24.86,20.22,26.34,4.710988599999999,-74.072092
85,Barranquilla,Colombia,COP,Colombian Peso,CO,26.09,6.81,16.83,24.19,18.24,30.28,11.0041072,-74.80698129999999
86,Cali,Colombia,COP,Colombian Peso,CO,25.7,5.88,16.17,23.63,16.56,31.18,3.4516467,-76.5319854
87,Bucaramanga,Colombia,COP,Colombian Peso,CO,22.27,5.31,14.12,18.13,15.14,27.45,7.119349,-73.1227416
88,San Jose,Costa Rica,CRC,Costa Rican Colon,CR,44.4,17.69,31.57,41.16,41.64,37.57,9.9280694,-84.0907246
89,Dubrovnik,Croatia,HRK,Croatian Kuna,HR,50.6,12.7,32.39,36.54,53.39,39.75,42.65066059999999,18.0944238
90,Zagreb,Croatia,HRK,Croatian Kuna,HR,46.83,14.45,31.27,39.3,39.34,53.28,45.8150108,15.981919
91,Split,Croatia,HRK,Croatian Kuna,HR,43.29,13.04,28.75,37.16,36.79,48.83,43.5147118,16.4435148
92,Rijeka,Croatia,HRK,Croatian Kuna,HR,43.15,11.26,27.83,38.31,37.51,44.87,45.3270631,14.442176
93,Osijek,Croatia,HRK,Croatian Kuna,HR,39.26,8.26,24.37,32.07,29.4,51.39,45.5549624,18.6955144
94,Havana,Cuba,CUP,Cuban Peso,CU,54.19,17.9,36.75,44.74,40.39,1.43,23.1135925,-82.3665956
95,Larnaca,Cyprus,EUR,Euro,EU,58.89,21.39,40.87,46.2,59.6,42.07,34.9182222,33.6200625
96,Limassol,Cyprus,EUR,Euro,EU,57.47,31.67,45.07,45.79,57.32,55.17,34.6786322,33.0413055
97,Nicosia,Cyprus,EUR,Euro,EU,53.53,18.28,36.59,44.28,52.99,57.71,35.1855659,33.38227639999999
98,Prague,Czech Republic,CZK,Czech Koruna,CZ,49.62,24.93,37.76,42.91,38.42,65.63,50.0755381,14.4378005
99,Brno,Czech Republic,CZK,Czech Koruna,CZ,45.5,18.27,32.42,37.08,34.67,65.5,49.1950602,16.6068371
100,Ostrava,Czech Republic,CZK,Czech Koruna,CZ,43.4,13.14,28.86,36.28,31.06,65.43,49.8209226,18.2625243
101,Odense,Denmark,DKK,Danish Krone,DK,79.37,26.1,53.77,66.89,91.2,89.64,55.40375599999999,10.40237
102,Copenhagen,Denmark,DKK,Danish Krone,DK,77.26,42.45,60.53,60.22,89.59,90.17,55.6760968,12.5683371
103,Arhus,Denmark,DKK,Danish Krone,DK,75.01,29.42,53.11,59.16,89.73,94.22,56.162939,10.203921
104,Aalborg,Denmark,DKK,Danish Krone,DK,72.25,20.33,47.31,61.69,77.57,111.59,57.0488195,9.921747
105,Santo Domingo,Dominican Republic,DOP,Dominican Peso,DO,46.19,14.59,31.01,40.99,37.79,21.62,18.4860575,-69.93121169999999
106,Cuenca,Ecuador,USD,United States Dollar,US,37.96,11.1,25.05,35.27,30.57,29.62,-2.9001285,-79.00589649999999
107,Quito,Ecuador,USD,United States Dollar,US,37.73,10.75,24.77,34.65,31.38,30.85,-0.1806532,-78.4678382
108,Guayaquil,Ecuador,USD,United States Dollar,US,36.05,10.53,23.79,30.07,25.94,38.03,-2.1894128,-79.8890662
109,Cairo,Egypt,EGP,Egyptian Pound,EG,28.56,6.4,17.91,25.68,24.87,21.74,30.0444196,31.2357116
110,Alexandria,Egypt,EGP,Egyptian Pound,EG,26.74,5.76,16.66,24.07,25.86,19.73,31.2000924,29.9187387
111,Giza,Egypt,EGP,Egyptian Pound,EG,26.54,3.77,15.6,24.42,21.22,29.84,30.0130557,31.2088526
112,San Salvador,El Salvador,USD,United States Dollar,US,44.68,14.99,30.41,43.04,35.46,20.69,13.6929403,-89.2181911
113,Tallinn,Estonia,EUR,Euro,EU,54.79,17.78,37.01,40.76,53.82,58.06,59.43696079999999,24.7535746
114,Tartu,Estonia,EUR,Euro,EU,46.77,12.79,30.44,39.41,44.4,64.48,58.37798299999999,26.7290383
115,Addis Ababa,Ethiopia,ETB,Ethiopian Birr,ET,43.1,17.69,30.89,34.68,25.57,10.16,8.9806034,38.7577605
116,Suva,Fiji,FJD,Fiji Dollar,FJ,34.46,15.39,25.3,34.76,30.78,51.61,-18.1405049,178.4232507
117,Espoo,Finland,EUR,Euro,EU,74.95,30.13,53.41,67.57,83.04,85.71,60.2054911,24.6559001
118,Helsinki,Finland,EUR,Euro,EU,67.88,31.55,50.42,58.29,70.05,84.76,60.16985569999999,24.938379
119,Turku,Finland,EUR,Euro,EU,67.59,19.17,44.32,59.77,70.97,89.7,60.4518126,22.2666303
120,Oulu,Finland,EUR,Euro,EU,65.58,19.64,43.51,59.9,61.94,92.11,65.0120888,25.4650773
121,Tampere,Finland,EUR,Euro,EU,61.34,20.43,41.68,50.67,69.06,94.35,61.4977524,23.7609535
122,Nice,France,EUR,Euro,EU,72.07,26.55,50.2,67.61,75.63,77.14,43.7101728,7.261953200000001
123,Paris,France,EUR,Euro,EU,72.05,41.52,57.38,69.53,67.34,73.13,48.856614,2.3522219
124,Lyon,France,EUR,Euro,EU,70.09,22.24,47.1,67.89,64.82,80.23,45.764043,4.835659
125,Toulouse,France,EUR,Euro,EU,66.32,21.5,44.78,65.05,64.56,89.5,43.604652,1.444209
126,Grenoble,France,EUR,Euro,EU,66.07,17.38,42.67,62.78,56.97,78.0,45.188529,5.724524
127,Nantes,France,EUR,Euro,EU,64.19,22.17,44.0,62.22,60.96,79.59,47.218371,-1.553621
128,Marseille,France,EUR,Euro,EU,64.02,21.02,43.36,63.65,57.2,90.46,43.296482,5.36978
129,Batumi,Georgia,GEL,Georgian Lari,GE,31.77,12.48,22.5,30.79,26.63,26.4,41.6167547,41.6367455
130,Tbilisi,Georgia,GEL,Georgian Lari,GE,36.71,17.52,27.49,30.88,34.86,23.91,41.7151377,44.827096
131,Munich,Germany,EUR,Euro,EU,69.33,40.64,55.54,58.71,64.92,89.66,48.1351253,11.5819806
132,Hamburg,Germany,EUR,Euro,EU,68.38,33.51,51.62,52.83,59.62,93.45,53.5510846,9.9936818
133,Bonn,Germany,EUR,Euro,EU,66.92,27.17,47.82,53.24,65.04,69.64,50.73743,7.0982068
134,Frankfurt,Germany,EUR,Euro,EU,65.29,33.6,50.06,50.17,57.96,103.28,50.1109221,8.6821267
135,Heidelberg,Germany,EUR,Euro,EU,63.77,28.05,46.61,47.97,61.2,103.34,49.3987524,8.6724335
136,Dortmund,Germany,EUR,Euro,EU,63.52,19.13,42.19,52.7,51.59,81.01,51.5135872,7.465298100000001
137,Karlsruhe,Germany,EUR,Euro,EU,63.37,23.78,44.34,53.85,55.79,110.85,49.0068901,8.4036527
138,Berlin,Germany,EUR,Euro,EU,62.87,33.77,48.89,51.39,51.21,98.28,52.52000659999999,13.404954
139,Stuttgart,Germany,EUR,Euro,EU,62.63,28.73,46.34,51.0,58.84,113.06,48.7758459,9.1829321
140,Mannheim,Germany,EUR,Euro,EU,62.27,20.67,42.28,50.04,53.26,111.11,49.4874592,8.466039499999999
141,Cologne,Germany,EUR,Euro,EU,61.32,25.2,43.96,48.94,52.99,88.47,50.937531,6.9602786
142,Hanover,Germany,EUR,Euro,EU,61.18,21.18,41.96,51.19,54.77,90.26,52.3758916,9.732010400000002
143,Dusseldorf,Germany,EUR,Euro,EU,60.94,29.31,45.74,48.72,53.73,112.96,51.2277411,6.7734556
144,Augsburg,Germany,EUR,Euro,EU,59.68,23.48,42.29,43.77,56.51,81.14,48.3705449,10.89779
145,Essen,Germany,EUR,Euro,EU,59.26,17.86,39.37,46.38,55.49,112.39,51.4556432,7.0115552
146,Bremen,Germany,EUR,Euro,EU,59.0,18.92,39.74,50.34,51.93,77.67,53.07929619999999,8.8016937
147,Freiburg im Breisgau,Germany,EUR,Euro,EU,58.84,29.18,44.59,47.57,50.6,115.92,47.9990077,7.842104299999999
148,Leipzig,Germany,EUR,Euro,EU,57.96,19.91,39.68,45.62,48.87,92.93,51.3396955,12.3730747
149,Nuremberg,Germany,EUR,Euro,EU,57.31,20.31,39.53,45.16,47.88,112.72,49.4521018,11.0766654
150,Dresden,Germany,EUR,Euro,EU,56.12,17.29,37.46,44.02,48.69,102.26,51.0504088,13.7372621
151,Aachen,Germany,EUR,Euro,EU,55.56,18.21,37.61,45.15,49.64,118.13,50.7753455,6.083886800000001
152,Accra,Ghana,GHS,Ghanaian Cedi,GH,32.69,19.36,26.29,32.76,27.52,19.0,5.6037168,-0.1869644
153,Athens,Greece,EUR,Euro,EU,54.8,15.66,35.99,42.81,53.3,38.03,37.9838096,23.7275388
154,Thessaloniki,Greece,EUR,Euro,EU,52.95,11.32,32.95,38.56,46.15,36.89,40.6400629,22.9444191
155,Heraklion,Greece,EUR,Euro,EU,48.95,11.22,30.82,39.92,39.34,34.27,35.3387352,25.1442126
156,Guatemala City,Guatemala,GTQ,Guatemalan Quetzal,GT,43.16,16.24,30.22,41.4,31.16,23.92,14.6349149,-90.5068824
157,Georgetown,Guyana,GYD,Guyanese Dollar,GY,46.11,8.35,27.96,48.71,35.94,20.82,6.8012793,-58.1551255
158,Hong Kong,Hong Kong,HKD,Hong Kong Dollar,HK,75.19,66.14,70.84,80.43,53.13,66.66,22.3193039,114.1693611
159,Budapest,Hungary,HUF,Hungarian Forint,HU,39.93,13.02,27.0,34.86,34.06,53.32,47.497912,19.040235
160,Debrecen,Hungary,HUF,Hungarian Forint,HU,34.28,8.98,22.12,30.19,29.86,48.26,47.5288879,21.6254485
161,Szeged,Hungary,HUF,Hungarian Forint,HU,34.1,8.0,21.56,31.8,26.74,50.45,46.2530102,20.1414253
162,Reykjavik,Iceland,ISK,Icelandic Króna,IS,90.35,40.39,66.34,85.19,93.27,81.14,64.146582,-21.9426354
163,Noida,India,INR,Indian Rupee,IN,29.17,5.32,17.71,28.1,26.43,116.12,28.5355161,77.3910265
164,Gurgaon,India,INR,Indian Rupee,IN,28.83,7.6,18.63,29.45,22.63,122.19,28.4594965,77.0266383
165,Mumbai,India,INR,Indian Rupee,IN,27.01,17.29,22.34,27.75,22.26,58.44,19.0759837,72.8776559
166,Delhi,India,INR,Indian Rupee,IN,26.74,7.86,17.67,25.41,23.91,52.34,28.7040592,77.10249019999999
167,Bangalore,India,INR,Indian Rupee,IN,26.62,7.99,17.66,28.1,19.24,130.51,12.9715987,77.5945627
168,Visakhapatnam,India,INR,Indian Rupee,IN,26.13,6.74,16.81,28.08,14.5,82.86,17.6868159,83.2184815
169,Hyderabad,India,INR,Indian Rupee,IN,25.32,6.0,16.04,27.43,18.12,45.58,17.385044,78.486671
170,Pune,India,INR,Indian Rupee,IN,24.78,6.56,16.03,25.91,19.43,97.7,18.5204303,73.8567437
171,Guwahati,India,INR,Indian Rupee,IN,24.64,3.98,14.71,25.23,18.65,59.45,26.1157917,91.7085933
172,Ahmedabad,India,INR,Indian Rupee,IN,24.49,6.97,16.07,24.67,17.73,38.8,23.022505,72.5713621
173,Lucknow (Lakhnau),India,INR,Indian Rupee,IN,23.76,4.29,14.4,23.3,16.21,53.99,26.8466937,80.94616599999999
174,Indore,India,INR,Indian Rupee,IN,23.7,4.51,14.48,25.73,15.45,59.42,22.7195687,75.8577258
175,Kolkata,India,INR,Indian Rupee,IN,23.58,5.17,14.74,24.97,16.28,56.53,22.572646,88.36389500000001
176,Bhubaneswar,India,INR,Indian Rupee,IN,23.42,4.86,14.5,24.73,15.19,58.7,20.2960587,85.8245398
177,Jaipur,India,INR,Indian Rupee,IN,23.1,4.44,14.13,24.12,14.86,92.02,26.9124336,75.7872709
178,Vadodara,India,INR,Indian Rupee,IN,22.91,3.43,13.55,23.35,18.28,41.24,22.3071588,73.1812187
179,Chennai,India,INR,Indian Rupee,IN,22.8,5.79,14.63,25.29,14.05,60.24,13.0826802,80.2707184
180,Kochi,India,INR,Indian Rupee,IN,22.74,5.84,14.62,24.29,13.33,88.21,9.9312328,76.26730409999999
181,Coimbatore,India,INR,Indian Rupee,IN,22.16,4.67,13.76,25.0,13.36,61.82,11.0168445,76.9558321
182,Bali,Indonesia,IDR,Indonesian Rupiah,ID,38.77,15.29,27.49,41.42,20.89,17.74,-8.4095178,115.188916
183,Jakarta,Indonesia,IDR,Indonesian Rupiah,ID,35.94,14.48,25.63,38.12,20.05,30.8,-6.2087634,106.845599
184,Bandung,Indonesia,IDR,Indonesian Rupiah,ID,32.62,6.23,19.94,33.99,15.19,23.39,-6.9174639,107.6191228
185,Surabaya,Indonesia,IDR,Indonesian Rupiah,ID,31.92,8.1,20.47,33.57,15.67,24.28,-7.2574719,112.7520883
186,Tehran,Iran,IRR,Iranian Rial,IR,32.61,21.35,27.2,22.94,24.65,15.38,35.7218583,51.3346954
187,Isfahan (Esfahan),Iran,IRR,Iranian Rial,IR,32.19,14.15,23.52,18.18,15.39,16.96,32.6538966,51.66596560000001
188,Mashhad,Iran,IRR,Iranian Rial,IR,27.69,13.73,20.98,18.89,22.98,20.52,36.2972006,59.60669
189,Erbil (Irbil),Iraq,IQD,Iraqi Dinar,IQ,34.71,12.12,23.86,27.88,29.79,42.56,36.190073,43.9930303
190,Baghdad,Iraq,IQD,Iraqi Dinar,IQ,31.82,10.88,21.76,26.17,26.43,39.14,33.315241,44.3660671
191,Dublin,Ireland,EUR,Euro,EU,72.32,53.8,63.42,56.18,78.1,77.0,53.3498053,-6.2603097
192,Galway,Ireland,EUR,Euro,EU,66.86,35.95,52.0,58.07,60.41,65.44,53.270668,-9.0567905
193,Cork,Ireland,EUR,Euro,EU,66.35,39.08,53.25,50.76,70.79,79.68,51.8985143,-8.4756035
194,Limerick,Ireland,EUR,Euro,EU,65.83,32.23,49.68,53.26,64.42,99.44,52.6638367,-8.6267343
195,Tel Aviv-Yafo,Israel,ILS,Israeli New Shekel,IL,82.18,48.65,66.07,69.56,88.11,72.92,32.049357,34.758355
196,Ramat Gan,Israel,ILS,Israeli New Shekel,IL,81.45,36.27,59.74,71.71,89.5,79.16,32.068424,34.824785
197,Netanya,Israel,ILS,Israeli New Shekel,IL,81.34,28.05,55.73,66.01,96.69,67.49,32.321458,34.853196
198,Rehovot,Israel,ILS,Israeli New Shekel,IL,81.16,25.87,54.59,70.93,77.48,65.59,31.892773,34.811272
199,Haifa,Israel,ILS,Israeli New Shekel,IL,77.84,21.07,50.56,65.58,79.25,81.33,32.7940463,34.989571
200,Petah Tikva,Israel,ILS,Israeli New Shekel,IL,77.24,27.38,53.28,66.14,81.14,71.1,32.084041,34.887762
201,Jerusalem,Israel,ILS,Israeli New Shekel,IL,74.67,34.29,55.27,63.87,84.36,79.66,31.768319,35.21371
202,Milan,Italy,EUR,Euro,EU,69.56,37.36,54.09,57.5,73.95,53.06,45.4642035,9.189982
203,Parma,Italy,EUR,Euro,EU,63.44,16.69,40.98,50.19,64.29,62.24,44.801485,10.3279036
204,Genoa,Italy,EUR,Euro,EU,63.22,17.41,41.21,58.16,60.09,52.5,44.4056499,8.946256
205,Florence,Italy,EUR,Euro,EU,63.09,21.8,43.25,56.85,59.79,51.13,43.7695604,11.2558136
206,Bologna,Italy,EUR,Euro,EU,62.9,22.03,43.26,52.99,64.82,56.15,44.494887,11.3426163
207,Trieste,Italy,EUR,Euro,EU,61.8,17.38,40.46,53.31,61.31,62.17,45.6495264,13.7768182
208,Bergamo,Italy,EUR,Euro,EU,61.73,21.87,42.58,52.23,60.09,62.73,45.6982642,9.6772698
209,Rome,Italy,EUR,Euro,EU,61.04,30.98,46.59,52.64,59.33,49.4,41.9027835,12.4963655
210,Verona,Italy,EUR,Euro,EU,59.53,18.56,39.84,53.25,57.02,63.85,45.43838419999999,10.9916215
211,Treviso,Italy,EUR,Euro,EU,58.66,17.52,38.89,49.86,60.83,58.54,45.6668893,12.2430437
212,Cagliari,Italy,EUR,Euro,EU,58.59,18.57,39.36,49.46,55.04,53.17,39.2238411,9.1216613
213,Padova,Italy,EUR,Euro,EU,57.25,19.84,39.28,44.67,59.34,57.92,45.4064349,11.8767611
214,Turin,Italy,EUR,Euro,EU,57.2,17.09,37.92,50.93,52.76,64.97,45.0703393,7.686864
215,Bari,Italy,EUR,Euro,EU,55.08,20.7,38.56,47.43,53.78,59.35,41.1171432,16.8718715
216,Naples,Italy,EUR,Euro,EU,53.8,16.37,35.82,44.62,49.84,58.11,40.8517983,14.26812
217,Palermo,Italy,EUR,Euro,EU,52.59,13.58,33.85,43.44,47.08,59.58,38.11569,13.3614868
218,Catania,Italy,EUR,Euro,EU,51.47,17.73,35.26,39.88,50.97,49.67,37.5078772,15.0830304
219,Abidjan,Ivory Coast,XOF,West African CFA franc,CF,40.14,15.69,28.39,34.52,25.51,6.9,5.3599517,-4.0082563
220,Kingston,Jamaica,JMD,Jamaican Dollar,JM,54.55,17.14,36.57,55.28,38.48,22.12,18.0178743,-76.8099041
221,Tokyo,Japan,JPY,Japanese Yen,JP,70.86,32.43,52.4,77.45,40.54,80.5,35.6761919,139.6503106
222,Osaka,Japan,JPY,Japanese Yen,JP,61.63,19.91,41.58,63.37,36.36,87.47,34.6937249,135.5022535
223,Saint Helier,Jersey,JEP,Jersey Pound,JE,83.42,53.51,69.05,65.99,97.46,63.7,49.1805019,-2.103233
224,Amman,Jordan,JOD,Jordanian Dinar,JO,49.06,10.07,30.32,39.97,41.83,32.48,31.9539494,35.910635
225,Almaty,Kazakhstan,KZT,Kazakhstani Tenge,KZ,28.47,11.61,20.37,24.64,28.4,35.95,43.2220146,76.8512485
226,Astana (Nur-Sultan),Kazakhstan,KZT,Kazakhstani Tenge,KZ,27.64,9.78,19.06,25.16,25.31,42.09,51.16052269999999,71.4703558
227,Nairobi,Kenya,KES,Kenyan Shilling,KE,36.04,11.41,24.2,33.72,28.93,29.8,-1.2920659,36.8219462
228,Pristina,Kosovo (Disputed Territory),EUR,Euro,EU,26.55,8.33,17.8,23.4,19.72,39.94,42.6629138,21.1655028
229,Kuwait City,Kuwait,KWD,Kuwaiti Dinar,KW,47.25,26.91,37.48,32.42,44.09,75.63,29.375859,47.9774052
230,Bishkek,Kyrgyzstan,KGS,Kyrgyzstani Som,KG,27.4,7.54,17.86,24.99,23.78,22.47,42.8746212,74.5697617
231,Riga,Latvia,EUR,Euro,EU,50.13,12.9,32.24,38.11,47.47,48.87,56.9676941,24.1056221
232,Beirut,Lebanon,LBP,Lebanese Pound,LB,92.7,23.59,59.49,107.16,60.14,12.86,33.8937913,35.5017767
233,Tripoli,Libya,LYD,Libyan Dinar,LY,27.75,6.97,17.77,27.78,25.12,23.84,32.8872094,13.1913383
234,Vilnius,Lithuania,EUR,Euro,EU,46.95,18.83,33.44,37.18,45.66,56.09,54.6871555,25.2796514
235,Kaunas,Lithuania,EUR,Euro,EU,42.01,11.14,27.18,33.83,40.12,63.16,54.8985207,23.9035965
236,Klaipeda,Lithuania,EUR,Euro,EU,41.72,9.74,26.36,34.64,33.93,62.6,55.70329479999999,21.1442794
237,Luxembourg,Luxembourg,EUR,Euro,EU,76.34,52.15,64.72,67.29,84.59,95.05,49.815273,6.129582999999999
238,Macao,Macao,MOP,Macanese Pataca,MO,70.27,34.33,53.0,75.75,51.43,70.4,22.198745,113.543873
239,Kuala Lumpur,Malaysia,MYR,Malaysian Ringgit,MY,37.73,11.97,25.35,39.49,24.03,74.54,3.139003,101.686855
240,Penang,Malaysia,MYR,Malaysian Ringgit,MY,35.45,8.48,22.49,38.82,18.63,57.22,5.414130699999999,100.3287506
241,Petaling Jaya,Malaysia,MYR,Malaysian Ringgit,MY,34.77,10.49,23.1,36.52,23.94,63.73,3.1278871,101.5944885
242,Male,Maldives,MVR,Maldivian Rufiyaa,MV,55.28,25.8,41.11,52.68,33.53,30.06,4.1754959,73.5093474
243,Valletta,Malta,EUR,Euro,EU,71.03,33.06,52.79,56.17,83.43,33.91,35.8989085,14.5145528
244,Sliema,Malta,EUR,Euro,EU,63.45,26.98,45.92,56.77,65.69,44.24,35.9110081,14.502904
245,Monterrey,Mexico,MXN,Mexican Peso,MX,39.62,16.08,28.31,37.14,40.13,49.07,25.6866142,-100.3161126
246,Tijuana,Mexico,MXN,Mexican Peso,MX,38.94,16.36,28.09,31.75,39.61,42.27,32.5149469,-117.0382471
247,Mexico City,Mexico,MXN,Mexican Peso,MX,37.87,19.91,29.24,35.97,34.72,34.96,19.4326077,-99.133208
248,Cancun,Mexico,MXN,Mexican Peso,MX,37.86,13.87,26.33,36.02,38.34,37.16,21.161908,-86.8515279
249,Merida,Mexico,MXN,Mexican Peso,MX,36.51,11.59,24.54,38.0,32.94,33.92,20.9673702,-89.5925857
250,Queretaro,Mexico,MXN,Mexican Peso,MX,35.55,11.47,23.98,35.99,30.82,49.17,20.5887932,-100.3898881
251,Guadalajara,Mexico,MXN,Mexican Peso,MX,35.16,14.17,25.07,35.02,31.96,44.67,20.6596988,-103.3496092
252,Chisinau,Moldova,MDL,Moldovan Leu,MD,31.24,8.79,20.45,25.14,24.03,35.5,47.0104529,28.8638103
253,Ulaanbaatar,Mongolia,MNT,Mongolian Tögrög,MN,33.75,9.06,21.88,32.73,28.04,23.47,47.88639879999999,106.9057439
254,Podgorica,Montenegro,EUR,Euro,EU,34.64,9.17,22.4,29.35,25.28,41.94,42.4304196,19.2593642
255,Marrakech,Morocco,MAD,Moroccan Dirham,MA,33.17,9.56,21.83,25.79,26.65,26.84,31.6294723,-7.981084500000001
256,Casablanca,Morocco,MAD,Moroccan Dirham,MA,32.39,10.81,22.02,26.93,21.85,36.22,33.5731104,-7.589843399999999
257,Rabat,Morocco,MAD,Moroccan Dirham,MA,31.4,11.66,21.91,27.39,22.49,30.08,33.9715904,-6.8498129
258,Tangier,Morocco,MAD,Moroccan Dirham,MA,30.45,8.32,19.82,28.41,22.44,31.64,35.7594651,-5.833954299999999
259,Agadir,Morocco,MAD,Moroccan Dirham,MA,29.69,5.18,17.91,25.54,27.27,30.88,30.4277547,-9.5981072
260,Kathmandu,Nepal,NPR,Nepalese Rupee,NP,28.5,4.85,17.14,25.82,22.12,18.52,27.7172453,85.3239605
261,Amsterdam,Netherlands,EUR,Euro,EU,74.51,46.65,61.13,58.86,77.99,97.12,52.3675734,4.9041389
262,Haarlem,Netherlands,EUR,Euro,EU,71.58,39.66,56.24,57.79,71.8,86.09,52.3873878,4.6462194
263,Utrecht,Netherlands,EUR,Euro,EU,70.68,35.41,53.73,58.21,69.31,85.81,52.09073739999999,5.1214201
264,Rotterdam,Netherlands,EUR,Euro,EU,70.29,34.85,53.26,58.67,68.52,86.43,51.9244201,4.4777325
265,Eindhoven,Netherlands,EUR,Euro,EU,69.88,32.06,51.71,56.87,67.81,103.0,51.42314229999999,5.462289699999999
266,Groningen,Netherlands,EUR,Euro,EU,69.22,22.58,46.81,57.76,66.04,66.89,53.2193835,6.566501799999999
267,Nijmegen,Netherlands,EUR,Euro,EU,67.73,27.57,48.43,57.49,67.19,71.22,51.8448837,5.842828099999999
268,Delft,Netherlands,EUR,Euro,EU,66.75,27.59,47.93,57.51,54.49,84.26,52.01157689999999,4.3570677
269,Enschede,Netherlands,EUR,Euro,EU,65.3,25.0,45.94,56.83,64.29,105.1,52.2215372,6.8936619
270,The Hague (Den Haag),Netherlands,EUR,Euro,EU,65.3,29.83,48.25,53.83,70.57,107.76,52.0704978,4.3006999
271,Maastricht,Netherlands,EUR,Euro,EU,65.28,30.77,48.7,57.75,62.14,94.81,50.8513682,5.6909725
272,Auckland,New Zealand,NZD,New Zealand Dollar,NZ,76.77,39.71,58.96,73.23,70.49,76.83,-36.85088270000001,174.7644881
273,Wellington,New Zealand,NZD,New Zealand Dollar,NZ,71.39,39.43,56.03,71.69,61.03,94.97,-41.2923814,174.7787463
274,Hamilton,New Zealand,NZD,New Zealand Dollar,NZ,69.76,25.97,48.72,66.88,71.76,91.6,-37.7825893,175.2527624
275,Christchurch,New Zealand,NZD,New Zealand Dollar,NZ,67.49,28.14,48.58,67.03,60.57,93.34,-43.5320214,172.6305589
276,Lagos,Nigeria,NGN,Nigerian Naira,NG,38.47,53.78,45.83,38.56,33.7,7.69,6.5243793,3.3792057
277,Skopje,North Macedonia,MKD,Macedonian Denar,MK,32.75,6.84,20.3,27.02,25.59,34.82,41.9981294,21.4254355
278,Oslo,Norway,NOK,Norwegian Krone,NO,91.9,38.44,66.21,83.96,97.03,81.96,59.9138688,10.7522454
279,Bergen,Norway,NOK,Norwegian Krone,NO,87.77,30.26,60.14,83.53,85.97,83.86,60.39126279999999,5.3220544
280,Stavanger,Norway,NOK,Norwegian Krone,NO,87.67,29.61,59.77,80.61,90.23,85.9,58.9699756,5.7331073
281,Trondheim,Norway,NOK,Norwegian Krone,NO,85.27,29.41,58.43,78.59,92.64,110.77,63.4305149,10.3950528
282,Tromso,Norway,NOK,Norwegian Krone,NO,81.59,29.16,56.4,78.38,83.14,91.97,69.6492047,18.9553238
283,Muscat,Oman,OMR,Omani Rial,OM,50.04,18.04,34.66,45.14,44.73,79.97,23.5880307,58.3828717
284,Lahore,Pakistan,PKR,Pakistani Rupee,PK,19.84,3.59,12.03,16.96,15.84,20.58,31.5203696,74.35874729999999
285,Karachi,Pakistan,PKR,Pakistani Rupee,PK,17.95,3.75,11.13,15.68,11.82,23.74,24.8607343,67.0011364
286,Islamabad,Pakistan,PKR,Pakistani Rupee,PK,17.29,4.73,11.25,14.73,14.35,28.43,33.6844202,73.04788479999999
287,Rawalpindi,Pakistan,PKR,Pakistani Rupee,PK,16.8,2.87,10.11,14.9,12.69,26.95,33.5651107,73.0169135
288,Multan,Pakistan,PKR,Pakistani Rupee,PK,15.82,2.61,9.47,14.79,11.36,20.08,30.157458,71.5249154
289,Faisalabad,Pakistan,PKR,Pakistani Rupee,PK,15.82,2.54,9.44,12.54,10.17,30.65,31.45036619999999,73.13496049999999
290,Peshawar,Pakistan,PKR,Pakistani Rupee,PK,14.6,1.66,8.38,13.24,8.14,26.88,34.0151366,71.5249154
291,Ramallah,Palestine,EGP,Egyptian Pound,EG,58.76,14.97,37.72,48.81,48.79,38.8,31.9037641,35.2034184
292,Panama City,Panama,PAB,Panamanian Balboa,PA,49.97,24.39,37.68,47.25,44.42,33.09,8.9823792,-79.51986959999999
293,Asuncion,Paraguay,PYG,Paraguayan Guaraní,PY,30.24,10.51,20.76,25.1,24.09,25.92,-25.2637399,-57.57592599999999
294,Lima,Peru,PEN,Peruvian Sol,PE,33.47,13.73,23.98,31.73,23.49,28.45,-12.0463731,-77.042754
295,Makati,Philippines,PHP,Philippine Peso,PH,44.88,26.73,36.16,47.9,25.04,19.67,14.554729,121.0244452
296,Quezon City,Philippines,PHP,Philippine Peso,PH,39.67,11.37,26.07,36.73,23.18,18.68,14.6760413,121.0437003
297,Manila,Philippines,PHP,Philippine Peso,PH,36.21,19.32,28.09,35.04,23.69,23.38,14.5995124,120.9842195
298,Cebu,Philippines,PHP,Philippine Peso,PH,34.34,12.13,23.67,36.88,20.02,16.9,10.3156992,123.8854366
299,Warsaw,Poland,PLN,Polish Z?oty,PL,39.87,20.15,30.39,32.19,37.08,58.77,52.2296756,21.0122287
300,Wroclaw,Poland,PLN,Polish Z?oty,PL,38.19,14.94,27.02,30.2,31.74,55.63,51.1078852,17.0385376
301,Krakow (Cracow),Poland,PLN,Polish Z?oty,PL,37.96,14.29,26.58,29.57,35.08,60.02,50.06465009999999,19.9449799
302,Katowice,Poland,PLN,Polish Z?oty,PL,36.99,11.12,24.56,30.02,31.35,64.01,50.26489189999999,19.0237815
303,Gdynia,Poland,PLN,Polish Z?oty,PL,36.65,13.86,25.7,29.37,32.17,54.07,54.5188898,18.5305409
304,Gdansk,Poland,PLN,Polish Z?oty,PL,36.12,15.45,26.19,28.24,31.95,59.28,54.35202520000001,18.6466384
305,Poznan,Poland,PLN,Polish Z?oty,PL,35.6,13.28,24.87,29.09,31.84,57.83,52.406374,16.9251681
306,Szczecin,Poland,PLN,Polish Z?oty,PL,35.09,12.51,24.24,28.82,29.22,54.33,53.4285438,14.5528116
307,Lodz,Poland,PLN,Polish Z?oty,PL,33.96,12.33,23.57,27.14,28.63,56.6,51.7592485,19.4559833
308,Lublin,Poland,PLN,Polish Z?oty,PL,32.72,11.51,22.53,26.01,27.68,56.98,51.2464536,22.5684463
309,Lisbon,Portugal,EUR,Euro,EU,45.13,28.66,37.21,34.99,43.42,44.51,38.7222524,-9.1393366
310,Porto,Portugal,EUR,Euro,EU,44.08,20.7,32.84,35.51,35.6,46.81,41.1579438,-8.629105299999999
311,Cascais,Portugal,EUR,Euro,EU,43.86,30.65,37.51,32.45,43.8,41.7,38.6970565,-9.4222945
312,Funchal,Portugal,EUR,Euro,EU,42.9,20.69,32.23,32.11,32.33,52.21,32.6669328,-16.9240554
313,Braga,Portugal,EUR,Euro,EU,41.78,15.52,29.16,33.9,34.02,51.23,41.5454486,-8.426506999999999
314,Coimbra,Portugal,EUR,Euro,EU,41.4,12.96,27.73,33.69,32.56,63.49,40.2033145,-8.4102573
315,Aveiro,Portugal,EUR,Euro,EU,40.24,15.93,28.56,33.48,30.03,48.04,40.6405055,-8.6537539
316,San Juan,Puerto Rico,USD,United States Dollar,US,68.25,48.79,58.9,68.31,59.32,50.46,18.4655394,-66.1057355
317,Doha,Qatar,QAR,Qatari Riyal,QA,60.15,50.29,55.41,50.32,57.26,94.94,25.2854473,51.53103979999999
318,Bucharest,Romania,RON,Romanian Leu,RO,40.27,12.91,27.13,33.55,38.33,50.33,44.4267674,26.1025384
319,Cluj-Napoca,Romania,RON,Romanian Leu,RO,38.37,12.34,25.86,33.01,33.28,50.41,46.7712101,23.6236353
320,Constanta,Romania,RON,Romanian Leu,RO,37.28,11.17,24.74,30.77,29.53,41.13,44.1598013,28.6348138
321,Brasov,Romania,RON,Romanian Leu,RO,37.14,10.34,24.26,31.65,32.32,44.08,45.6426802,25.5887252
322,Iasi,Romania,RON,Romanian Leu,RO,34.86,9.28,22.57,29.15,30.13,45.59,47.1584549,27.6014418
323,Timisoara,Romania,RON,Romanian Leu,RO,34.64,9.59,22.6,29.29,30.25,53.65,45.7488716,21.2086793
324,Sibiu,Romania,RON,Romanian Leu,RO,33.77,8.16,21.46,28.37,28.39,41.1,45.7935607,24.1212945
325,Craiova,Romania,RON,Romanian Leu,RO,31.74,7.14,19.92,26.43,22.21,49.01,44.3301785,23.7948808
326,Saint Petersburg,Russia,RUB,Russian Ruble,RU,59.61,22.46,41.76,49.38,51.98,38.22,59.9310584,30.3609097
327,Moscow,Russia,RUB,Russian Ruble,RU,55.51,30.27,43.38,45.23,56.17,57.74,55.755826,37.6173
328,Yekaterinburg,Russia,RUB,Russian Ruble,RU,54.12,14.02,34.85,50.41,43.77,58.41,56.8430993,60.64540859999999
329,Kazan,Russia,RUB,Russian Ruble,RU,53.44,15.91,35.41,46.52,46.87,34.02,55.7878944,49.12332929999999
330,Novosibirsk,Russia,RUB,Russian Ruble,RU,52.83,14.24,34.28,44.85,49.58,33.78,54.9832693,82.8963831
331,Krasnodar,Russia,RUB,Russian Ruble,RU,52.02,10.8,32.21,42.06,54.19,31.96,45.036035,38.97457060000001
332,Nizhny Novgorod,Russia,RUB,Russian Ruble,RU,51.57,13.53,33.29,42.9,43.76,34.02,56.3268684,44.0058793
333,Rostov-na-donu,Russia,RUB,Russian Ruble,RU,46.49,11.62,29.73,41.71,41.25,34.51,47.2357137,39.701505
334,Kigali,Rwanda,RWF,Rwandan Franc,RW,30.63,14.15,22.71,26.1,25.81,26.69,-1.9440727,30.0618851
335,Riyadh,Saudi Arabia,SAR,Saudi Riyal,SA,53.89,14.94,35.17,44.0,42.7,97.13,24.7135517,46.6752957
336,Jeddah (Jiddah),Saudi Arabia,SAR,Saudi Riyal,SA,53.13,11.89,33.31,42.88,36.99,80.25,21.485811,39.19250479999999
337,Ad Dammam,Saudi Arabia,SAR,Saudi Riyal,SA,48.37,12.71,31.23,42.2,34.78,88.04,26.4206828,50.0887943
338,Dakar,Senegal,XOF,West African CFA franc,CF,43.42,19.46,31.91,36.42,38.12,22.82,14.716677,-17.4676861
339,Belgrade,Serbia,RSD,Serbian Dinar,RS,38.98,13.6,26.79,30.41,34.88,36.42,44.8125449,20.46123
340,Novi Sad,Serbia,RSD,Serbian Dinar,RS,33.13,8.99,21.53,27.38,24.55,43.76,45.2396085,19.8227056
341,Nis,Serbia,RSD,Serbian Dinar,RS,30.96,6.1,19.02,23.85,24.76,42.94,43.320926,21.8954069
342,Singapore,Singapore,SGD,Singapore Dollar,SG,79.82,64.06,72.25,70.4,55.95,94.6,1.352083,103.819836
343,Bratislava,Slovakia,EUR,Euro,EU,47.39,18.24,33.39,41.5,39.73,60.79,48.1485965,17.1077477
344,Kosice,Slovakia,EUR,Euro,EU,44.03,14.39,29.79,38.8,32.37,47.44,48.7163857,21.2610746
345,Ljubljana,Slovenia,EUR,Euro,EU,51.01,19.73,35.98,44.42,42.36,57.64,46.0569465,14.5057515
346,Maribor,Slovenia,EUR,Euro,EU,44.85,12.29,29.21,39.14,35.42,67.05,46.5546503,15.6458812
347,Johannesburg,South Africa,ZAR,South African Rand,ZA,38.65,13.45,26.54,30.74,34.3,87.25,-26.2041028,28.0473051
348,Pretoria,South Africa,ZAR,South African Rand,ZA,37.8,12.83,25.8,29.88,29.57,78.71,-25.7478676,28.2292712
349,Durban,South Africa,ZAR,South African Rand,ZA,36.8,11.64,24.71,28.84,34.29,73.02,-29.85868039999999,31.0218404
350,Cape Town,South Africa,ZAR,South African Rand,ZA,36.54,19.76,28.47,30.17,34.64,71.81,-33.9248685,18.4240553
351,Seoul,South Korea,KRW,South Korean Won,KR,80.1,32.16,57.06,101.97,45.36,71.94,37.566535,126.9779692
352,Bilbao,Spain,EUR,Euro,EU,56.21,23.96,40.71,48.47,54.14,69.12,43.2630126,-2.9349852
353,Barcelona,Spain,EUR,Euro,EU,56.1,28.3,42.74,43.84,55.25,71.22,41.3873974,2.168568
354,Madrid,Spain,EUR,Euro,EU,52.84,27.71,40.76,40.23,56.1,74.36,40.4167754,-3.7037902
355,Palma de Mallorca,Spain,EUR,Euro,EU,50.85,25.73,38.78,40.58,50.58,67.57,39.5696005,2.6501603
356,Valencia,Spain,EUR,Euro,EU,49.25,20.18,35.28,42.98,48.69,66.26,39.4699075,-0.3762881
357,Seville (Sevilla),Spain,EUR,Euro,EU,47.36,16.51,32.53,42.04,41.98,73.19,37.3890924,-5.9844589
358,Malaga,Spain,EUR,Euro,EU,46.39,19.77,33.6,37.2,42.95,76.43,36.721261,-4.4212655
359,Granada,Spain,EUR,Euro,EU,45.99,13.29,30.28,36.91,46.08,96.16,37.1774605,-3.5984368
360,Las Palmas de Gran Canaria,Spain,EUR,Euro,EU,45.76,19.32,33.06,41.31,39.93,56.62,28.1008837,-15.4653897
361,Alicante,Spain,EUR,Euro,EU,45.48,16.07,31.35,36.96,47.5,72.18,38.3459963,-0.4906855
362,Zaragoza (Saragossa),Spain,EUR,Euro,EU,44.74,15.94,30.9,38.9,41.17,87.57,41.6488226,-0.8890853
363,Santa Cruz de Tenerife,Spain,EUR,Euro,EU,44.58,18.35,31.98,37.82,45.51,74.68,28.4636296,-16.2518467
364,Murcia,Spain,EUR,Euro,EU,44.37,14.28,29.91,36.09,43.57,67.79,37.9922399,-1.1306544
365,Vigo,Spain,EUR,Euro,EU,43.64,14.18,29.49,35.58,42.44,81.71,42.24059889999999,-8.7207268
366,Colombo,Sri Lanka,LKR,Sri Lanka Rupee,LK,24.25,7.43,16.17,28.93,11.57,14.66,6.9270786,79.861243
367,Khartoum,Sudan,SDG,Sudanese Pound,SD,36.57,10.43,24.01,40.24,18.79,7.74,15.5006544,32.5598994
368,Stockholm,Sweden,SEK,Swedish Krona,SE,70.3,37.92,54.75,62.48,68.17,89.18,59.32932349999999,18.0685808
369,Uppsala,Sweden,SEK,Swedish Krona,SE,63.69,21.29,43.31,54.64,65.44,84.31,59.85856380000001,17.6389267
370,Lund,Sweden,SEK,Swedish Krona,SE,63.3,24.61,44.71,59.64,57.61,95.58,55.7046601,13.1910073
371,Gothenburg,Sweden,SEK,Swedish Krona,SE,62.86,25.33,44.83,55.06,58.65,101.58,57.70887,11.97456
372,Malmo,Sweden,SEK,Swedish Krona,SE,61.65,22.01,42.6,54.8,60.67,105.2,55.604981,13.003822
373,Basel,Switzerland,CHF,Swiss Franc,CH,118.4,42.6,81.98,123.26,110.97,112.15,47.5595986,7.5885761
374,Zug,Switzerland,CHF,Swiss Franc,CH,117.92,59.66,89.92,117.46,120.03,144.17,47.1661672,8.5154946
375,Zurich,Switzerland,CHF,Swiss Franc,CH,117.92,58.66,89.45,116.06,114.18,120.74,47.3768866,8.541694
376,Lausanne,Switzerland,CHF,Swiss Franc,CH,117.05,54.2,86.85,119.2,109.71,116.39,46.5196535,6.6322734
377,Bern,Switzerland,CHF,Swiss Franc,CH,114.95,35.76,76.9,119.67,105.16,115.98,46.9479739,7.4474468
378,Geneva,Switzerland,CHF,Swiss Franc,CH,102.87,66.27,85.28,99.81,109.89,121.54,46.2043907,6.1431577
379,Damascus,Syria,SYP,Syrian Pound,SY,30.75,7.74,19.7,30.17,19.98,4.23,33.5138073,36.2765279
380,New Taipei City,Taiwan,TWD,New Taiwan Dollar,TW,63.99,18.83,42.29,81.71,26.22,50.5,25.0169826,121.4627868
381,Taipei,Taiwan,TWD,New Taiwan Dollar,TW,59.22,21.01,40.86,69.71,32.93,66.35,25.0329636,121.5654268
382,Kaohsiung,Taiwan,TWD,New Taiwan Dollar,TW,51.51,12.35,32.69,60.03,25.05,64.12,22.6350591,120.3355193
383,Dar es Salaam,Tanzania,TZS,Tanzanian Shilling,TZ,30.1,12.38,21.59,27.34,19.77,17.17,-6.792354,39.2083284
384,Bangkok,Thailand,THB,Thai Baht,TH,45.85,21.64,34.22,44.47,21.73,26.7,13.7563309,100.5017651
385,Phuket,Thailand,THB,Thai Baht,TH,37.95,12.62,25.78,38.52,24.26,27.14,7.8804479,98.3922504
386,Pattaya,Thailand,THB,Thai Baht,TH,36.85,11.33,24.59,37.23,22.9,21.02,12.9235557,100.8824551
387,Chiang Mai,Thailand,THB,Thai Baht,TH,35.32,9.23,22.78,40.71,15.48,30.01,18.7883439,98.98530079999999
388,Trinidad,Trinidad And Tobago,TTD,Trinidad and Tobago Dollar,TT,57.76,20.52,39.87,59.96,54.55,31.89,10.691803,-61.222503
389,Port of Spain,Trinidad And Tobago,TTD,Trinidad and Tobago Dollar,TT,56.64,16.32,37.26,47.22,71.18,36.57,10.6603196,-61.5085625
390,Tunis,Tunisia,TND,Tunisian Dinar,TN,29.08,6.5,18.23,26.23,16.07,23.97,36.8064948,10.1815316
391,Sousse,Tunisia,TND,Tunisian Dinar,TN,25.65,4.61,15.54,23.96,14.98,28.93,35.8245029,10.634584
392,Bursa,Turkey,TRY,Turkish Lira,TR,36.45,4.8,21.24,24.86,31.37,24.4,40.1885281,29.0609636
393,Istanbul,Turkey,TRY,Turkish Lira,TR,30.9,11.79,21.72,25.86,20.82,23.53,41.0082376,28.9783589
394,Izmir,Turkey,TRY,Turkish Lira,TR,29.55,5.88,18.18,25.05,18.29,26.71,38.423734,27.142826
395,Antalya,Turkey,TRY,Turkish Lira,TR,28.18,10.13,19.51,21.7,18.53,24.46,36.8968908,30.7133233
396,Ankara,Turkey,TRY,Turkish Lira,TR,27.88,5.4,17.08,23.75,17.39,31.47,39.9333635,32.8597419
397,Eskisehir,Turkey,TRY,Turkish Lira,TR,26.18,3.98,15.52,21.46,13.95,30.72,39.7667061,30.52563109999999
398,Kampala,Uganda,UGX,Ugandan Shilling,UG,32.95,12.5,23.13,29.11,23.16,10.21,0.3475964,32.5825197
399,Kiev (Kyiv),Ukraine,UAH,Ukrainian Hryvnia,UA,35.28,16.51,26.26,30.15,28.69,37.56,50.4501,30.5234
400,Odessa (Odesa),Ukraine,UAH,Ukrainian Hryvnia,UA,32.11,9.05,21.03,27.81,27.36,29.6,46.482526,30.7233095
401,Dnipro,Ukraine,UAH,Ukrainian Hryvnia,UA,31.99,11.45,22.12,26.4,29.92,32.79,48.464717,35.046183
402,Lviv,Ukraine,UAH,Ukrainian Hryvnia,UA,30.17,11.54,21.22,26.66,24.09,39.26,49.839683,24.029717
403,Kharkiv,Ukraine,UAH,Ukrainian Hryvnia,UA,29.94,10.43,20.56,25.42,23.76,35.62,49.9935,36.230383
404,Dubai,United Arab Emirates,AED,UAE Dirham,AE,62.95,43.56,53.64,47.97,65.6,137.48,25.2048493,55.2707828
405,Abu Dhabi,United Arab Emirates,AED,UAE Dirham,AE,55.83,45.34,50.79,45.11,54.68,99.72,24.453884,54.3773438
406,Sharjah,United Arab Emirates,AED,UAE Dirham,AE,47.09,77.3,61.61,38.99,33.54,38.83,25.3461555,55.42109319999999
407,Ajman,United Arab Emirates,AED,UAE Dirham,AE,42.48,15.62,29.58,35.56,39.19,119.22,25.4052165,55.5136433
408,London,United Kingdom,GBP,Pound Sterling,GB,77.39,60.74,69.39,55.16,82.49,78.99,51.5072178,-0.1275862
409,Guildford,United Kingdom,GBP,Pound Sterling,GB,67.73,40.68,54.73,56.67,69.61,107.5,51.23622,-0.570409
410,Reading,United Kingdom,GBP,Pound Sterling,GB,67.55,34.19,51.52,53.42,88.65,92.72,51.45512009999999,-0.9787475
411,York,United Kingdom,GBP,Pound Sterling,GB,66.92,29.57,48.97,54.18,62.79,145.4,53.9614205,-1.0739108
412,Brighton,United Kingdom,GBP,Pound Sterling,GB,65.64,46.22,56.31,51.45,70.11,73.2,50.8229402,-0.1362672
413,Manchester,United Kingdom,GBP,Pound Sterling,GB,64.04,30.7,48.02,50.83,71.08,85.17,53.4807593,-2.2426305
414,Liverpool,United Kingdom,GBP,Pound Sterling,GB,64.0,22.44,44.03,49.26,74.42,72.52,53.4083714,-2.9915726
415,Oxford,United Kingdom,GBP,Pound Sterling,GB,63.61,45.0,54.67,55.18,60.83,88.28,51.7520209,-1.2577263
416,Milton Keynes,United Kingdom,GBP,Pound Sterling,GB,63.5,33.28,48.98,54.73,60.44,109.23,52.0406224,-0.7594171
417,Bristol,United Kingdom,GBP,Pound Sterling,GB,63.21,33.87,49.11,49.58,68.29,90.62,51.454513,-2.58791
418,Bournemouth,United Kingdom,GBP,Pound Sterling,GB,62.32,29.52,46.56,46.51,77.62,76.3,50.7220101,-1.8667169
419,Nottingham,United Kingdom,GBP,Pound Sterling,GB,62.08,26.16,44.82,54.48,59.64,83.01,52.9540223,-1.1549892
420,Plymouth,United Kingdom,GBP,Pound Sterling,GB,61.89,24.34,43.85,48.22,61.34,63.96,50.3754565,-4.1426565
421,Belfast,United Kingdom,GBP,Pound Sterling,GB,61.45,23.49,43.21,49.52,72.26,80.66,54.59728500000001,-5.93012
422,Edinburgh,United Kingdom,GBP,Pound Sterling,GB,61.12,30.39,46.35,47.69,70.65,93.53,55.953252,-3.188267
423,Glasgow,United Kingdom,GBP,Pound Sterling,GB,60.76,26.03,44.07,46.96,65.68,107.6,55.864237,-4.251806
424,Derby,United Kingdom,GBP,Pound Sterling,GB,60.61,18.14,40.2,49.2,61.57,97.41,52.9225301,-1.4746186
425,Cardiff,United Kingdom,GBP,Pound Sterling,GB,60.16,28.78,45.08,48.87,67.72,79.49,51.483707,-3.1680962
426,Leeds,United Kingdom,GBP,Pound Sterling,GB,60.06,29.13,45.2,47.82,60.39,97.24,53.8007554,-1.5490774
427,Portsmouth,United Kingdom,GBP,Pound Sterling,GB,60.01,23.06,42.26,53.56,60.42,163.13,50.8197675,-1.0879769
428,Norwich,United Kingdom,GBP,Pound Sterling,GB,58.51,27.21,43.47,47.26,69.75,73.74,52.6292567,1.2978802
429,Aberdeen,United Kingdom,GBP,Pound Sterling,GB,58.47,20.24,40.1,47.96,65.88,107.36,57.1498891,-2.0937528
430,Coventry,United Kingdom,GBP,Pound Sterling,GB,58.43,22.21,41.03,47.43,52.03,119.62,52.4128163,-1.5089521
431,Southampton,United Kingdom,GBP,Pound Sterling,GB,58.32,27.85,43.68,45.73,58.8,95.11,50.9105468,-1.4049018
432,Exeter,United Kingdom,GBP,Pound Sterling,GB,58.17,27.55,43.46,45.23,61.25,79.59,50.72603669999999,-3.5274889
433,Newcastle upon Tyne,United Kingdom,GBP,Pound Sterling,GB,57.98,26.48,42.85,45.4,65.2,86.13,54.978252,-1.61778
434,Birmingham,United Kingdom,GBP,Pound Sterling,GB,57.71,31.7,45.21,46.34,55.63,93.17,52.48624299999999,-1.890401
435,Sheffield,United Kingdom,GBP,Pound Sterling,GB,56.19,25.98,41.68,44.5,55.04,85.47,53.38112899999999,-1.470085
436,Dundee,United Kingdom,GBP,Pound Sterling,GB,55.32,21.6,39.12,45.75,59.74,104.54,56.462018,-2.970721
437,Leicester,United Kingdom,GBP,Pound Sterling,GB,54.38,23.84,39.7,43.44,59.32,120.86,52.6368778,-1.1397592
438,Kingston upon Hull,United Kingdom,GBP,Pound Sterling,GB,52.6,16.72,35.36,44.44,50.51,78.43,53.76762360000001,-0.3274198
439,Anchorage,United States,USD,United States Dollar,US,87.64,41.49,65.47,92.47,73.35,116.76,61.2175758,-149.8996785
440,Birmingham,United States,USD,United States Dollar,US,75.76,40.82,58.97,81.77,66.8,72.5,33.5185892,-86.8103567
441,Phoenix,United States,USD,United States Dollar,US,73.42,45.43,59.97,69.28,70.4,119.24,33.4483771,-112.0740373
442,Tucson,United States,USD,United States Dollar,US,67.82,31.34,50.29,65.6,62.93,93.61,32.2539787,-110.9741769
443,Mesa,United States,USD,United States Dollar,US,64.59,42.84,54.14,64.1,68.05,93.88,33.4151843,-111.8314724
444,Santa Barbara,United States,USD,United States Dollar,US,103.03,89.8,96.68,111.6,94.78,82.71,34.4208305,-119.6981901
445,San Francisco,United States,USD,United States Dollar,US,95.77,90.53,93.25,98.42,89.86,136.57,37.7749295,-122.4194155
446,Oakland,United States,USD,United States Dollar,US,91.36,77.34,84.62,91.51,82.09,130.49,37.8043514,-122.2711639
447,Sacramento,United States,USD,United States Dollar,US,82.09,52.48,67.86,85.39,69.26,102.03,38.5815719,-121.4943996
448,Santa Clara,United States,USD,United States Dollar,US,80.67,82.65,81.62,80.35,68.58,163.68,37.3541079,-121.9552356
449,San Jose,United States,USD,United States Dollar,US,79.56,74.08,76.92,73.42,81.07,157.82,37.33874,-121.8852525
450,San Diego,United States,USD,United States Dollar,US,78.46,72.96,75.82,74.91,80.54,123.53,32.715738,-117.1610838
451,Los Angeles,United States,USD,United States Dollar,US,76.58,71.04,73.92,74.79,78.68,109.39,34.0522342,-118.2436849
452,Fremont,United States,USD,United States Dollar,US,74.55,66.18,70.53,70.8,67.53,178.31,37.5485396,-121.988583
453,Fresno,United States,USD,United States Dollar,US,71.59,45.64,59.12,66.57,67.37,107.31,36.7377981,-119.7871247
454,Denver,United States,USD,United States Dollar,US,79.96,53.19,67.1,77.31,74.88,134.18,39.7392358,-104.990251
455,Colorado Springs,United States,USD,United States Dollar,US,74.83,43.03,59.55,72.05,76.03,135.96,38.8338816,-104.8213634
456,Washington,United States,USD,United States Dollar,US,84.42,68.67,76.85,85.43,75.85,122.02,47.7510741,-120.7401386
457,Miami,United States,USD,United States Dollar,US,79.41,71.2,75.46,77.81,83.82,88.88,25.7616798,-80.1917902
458,Tampa,United States,USD,United States Dollar,US,74.29,54.06,64.57,70.58,79.97,112.79,27.950575,-82.4571776
459,Fort Lauderdale,United States,USD,United States Dollar,US,73.73,62.63,68.39,73.22,79.87,99.93,26.1224386,-80.13731740000001
460,Jacksonville,United States,USD,United States Dollar,US,71.63,37.77,55.36,76.51,72.3,123.56,30.3321838,-81.65565099999999
461,Orlando,United States,USD,United States Dollar,US,69.8,49.91,60.25,65.09,75.09,120.46,28.5383832,-81.3789269
462,Atlanta,United States,USD,United States Dollar,US,73.11,47.96,61.02,70.2,66.48,122.54,33.7489954,-84.3879824
463,Honolulu,United States,USD,United States Dollar,US,101.83,61.66,82.53,112.62,83.52,91.05,21.3098845,-157.8581401
464,Boise,United States,USD,United States Dollar,US,69.05,44.33,57.17,65.94,63.94,75.38,43.6150186,-116.2023137
465,Chicago,United States,USD,United States Dollar,US,77.23,54.76,66.43,72.61,79.6,112.72,41.8781136,-87.6297982
466,Indianapolis,United States,USD,United States Dollar,US,72.34,37.78,55.73,73.57,67.89,123.88,39.768403,-86.158068
467,Wichita,United States,USD,United States Dollar,US,60.13,28.05,44.72,59.45,51.52,102.52,37.68717609999999,-97.33005299999999
468,Louisville,United States,USD,United States Dollar,US,65.93,28.47,47.93,66.56,63.92,119.78,38.2526647,-85.7584557
469,New Orleans,United States,USD,United States Dollar,US,77.0,44.81,61.53,73.94,76.47,81.83,29.95106579999999,-90.0715323
470,Boston,United States,USD,United States Dollar,US,84.53,75.1,80.0,82.85,84.74,120.72,42.3600825,-71.0588801
471,Baltimore,United States,USD,United States Dollar,US,75.39,48.01,62.23,78.45,69.15,116.16,39.2903848,-76.6121893
472,Detroit,United States,USD,United States Dollar,US,73.1,37.27,55.89,69.19,61.51,109.94,42.331427,-83.0457538
473,Grand Rapids,United States,USD,United States Dollar,US,70.48,43.23,57.39,76.0,64.03,116.02,42.9633599,-85.6680863
474,Ann Arbor,United States,USD,United States Dollar,US,69.3,53.41,61.66,71.21,70.18,129.31,42.2808256,-83.7430378
475,Saint Paul,United States,USD,United States Dollar,US,77.45,37.64,58.32,76.44,72.1,106.29,44.9537029,-93.0899578
476,Minneapolis,United States,USD,United States Dollar,US,74.73,51.16,63.4,74.08,68.62,118.59,44.977753,-93.2650108
477,Saint Louis,United States,USD,United States Dollar,US,66.97,32.65,50.48,68.67,61.11,107.89,38.6270025,-90.19940419999999
478,Kansas City,United States,USD,United States Dollar,US,64.67,39.73,52.69,57.69,70.93,122.29,39.0997265,-94.5785667
479,Asheville,United States,USD,United States Dollar,US,76.75,54.74,66.18,86.5,64.93,81.73,35.5950581,-82.5514869
480,Charlotte,United States,USD,United States Dollar,US,70.01,51.82,61.27,68.85,64.54,134.98,35.2270869,-80.8431267
481,Raleigh,United States,USD,United States Dollar,US,65.63,47.68,57.01,65.58,63.83,130.12,35.7795897,-78.6381787
482,Omaha,United States,USD,United States Dollar,US,75.28,29.52,53.29,70.29,73.17,103.38,41.2565369,-95.9345034
483,Albuquerque,United States,USD,United States Dollar,US,64.12,37.09,51.13,64.03,64.37,143.04,35.0843859,-106.650422
484,Reno,United States,USD,United States Dollar,US,73.39,44.29,59.41,74.28,71.53,82.46,39.529919,-119.8142691
485,Las Vegas,United States,USD,United States Dollar,US,70.97,40.18,56.18,64.11,70.46,107.06,36.171563,-115.1391009
486,New York,United States,USD,United States Dollar,US,100.0,100.0,100.0,100.0,100.0,100.0,40.7127753,-74.0059728
487,Buffalo,United States,USD,United States Dollar,US,73.55,34.72,54.89,69.55,68.98,106.28,42.88644679999999,-78.8783689
488,Albany,United States,USD,United States Dollar,US,67.69,33.93,51.47,66.37,64.03,131.74,42.6525793,-73.7562317
489,Cleveland,United States,USD,United States Dollar,US,71.9,40.22,56.68,69.17,67.66,117.5,41.49932,-81.6943605
490,Columbus,United States,USD,United States Dollar,US,70.61,37.03,54.47,66.09,71.7,126.7,39.9611755,-82.99879419999999
491,Akron,United States,USD,United States Dollar,US,70.41,24.0,48.11,65.43,76.34,79.53,41.0814447,-81.51900529999999
492,Cincinnati,United States,USD,United States Dollar,US,66.89,37.06,52.56,67.74,62.63,113.37,39.1031182,-84.5120196
493,Tulsa,United States,USD,United States Dollar,US,64.11,27.25,46.4,59.2,52.99,120.98,36.1539816,-95.99277500000001
494,Oklahoma City,United States,USD,United States Dollar,US,63.92,29.91,47.58,65.92,51.65,119.44,35.4675602,-97.5164276
495,Portland,United States,USD,United States Dollar,US,78.81,50.61,65.26,77.95,69.52,102.2,45.515232,-122.6783853
496,Pittsburgh,United States,USD,United States Dollar,US,80.55,37.79,60.0,89.89,63.27,103.65,40.44062479999999,-79.9958864
497,Philadelphia,United States,USD,United States Dollar,US,75.98,49.18,63.1,77.57,66.4,126.14,39.9525839,-75.1652215
498,Nashville,United States,USD,United States Dollar,US,79.95,60.93,70.81,81.04,67.1,98.99,36.1626638,-86.7816016
499,Knoxville,United States,USD,United States Dollar,US,62.85,32.85,48.44,60.97,53.49,120.6,35.9606384,-83.9207392
500,Memphis,United States,USD,United States Dollar,US,61.41,33.26,47.88,58.17,64.48,146.4,35.1495343,-90.0489801
501,Plano,United States,USD,United States Dollar,US,77.47,47.94,63.28,77.4,61.13,114.2,33.0198431,-96.6988856
502,Dallas,United States,USD,United States Dollar,US,75.16,52.39,64.22,72.41,79.42,132.23,32.7766642,-96.79698789999999
503,Fort Worth,United States,USD,United States Dollar,US,71.16,45.68,58.92,70.54,62.96,115.82,32.7554883,-97.3307658
504,Austin,United States,USD,United States Dollar,US,69.14,61.18,65.32,68.71,72.46,144.33,30.267153,-97.7430608
505,Houston,United States,USD,United States Dollar,US,66.41,45.06,56.15,61.78,66.82,154.53,29.7604267,-95.3698028
506,San Antonio,United States,USD,United States Dollar,US,61.62,36.65,49.62,56.36,60.88,149.93,29.4251905,-98.4945922
507,Salt Lake City,United States,USD,United States Dollar,US,66.77,45.13,56.37,60.95,73.4,122.09,40.7607793,-111.8910474
508,Seattle,United States,USD,United States Dollar,US,89.57,63.83,77.2,90.96,85.07,149.91,47.6062095,-122.3320708
509,Spokane,United States,USD,United States Dollar,US,71.82,40.21,56.63,66.89,74.15,90.11,47.6587802,-117.4260466
510,Madison,United States,USD,United States Dollar,US,68.95,41.68,55.85,70.02,66.83,110.44,43.0721661,-89.4007501
511,Milwaukee,United States,USD,United States Dollar,US,66.53,33.86,50.83,61.74,59.85,133.41,43.0389025,-87.9064736
512,Montevideo,Uruguay,UYU,Uruguayan Peso,UY,56.05,17.19,37.38,45.44,53.14,28.25,-34.9011127,-56.16453139999999
513,Tashkent,Uzbekistan,UZS,Uzbekistani So'm,UZ,28.65,11.58,20.45,26.32,25.07,24.99,41.2994958,69.2400734
514,Caracas,Venezuela,VES,Venezuelan Bolívar Soberano,VE,43.15,10.15,27.29,36.08,42.7,12.23,10.4805937,-66.90360629999999
515,Ho Chi Minh City,Vietnam,VND,Vietnamese ??ng,VN,37.38,16.69,27.44,37.51,19.99,30.93,10.8230989,106.6296638
516,Hanoi,Vietnam,VND,Vietnamese ??ng,VN,35.59,11.91,24.21,35.4,18.81,28.84,21.0277644,105.8341598
517,Harare,Zimbabwe,ZWL,Zimbabwean Dollar,ZW,42.52,10.89,27.32,34.7,35.66,15.29,-17.8216288,31.0492259
